{
  "configs": {
    "CAPTION": "project ttg",
    "RESOLUTION": [1280, 720],
    "GAME_STATE": {
      "Menu": true,
      "Game": false
    },
    "BACKGROUND": "#000000",
    "FPS": 60
  },
  "paths": {
    "PATH-DEFAULT": "src",
    "PATH-IMAGES": "src/IMAGES/",
    "PATH-IMAGES-mouse": "src/IMAGES/mouse/",
    "PATH-IMAGES-menu": "src/IMAGES/menu/",
    "PATH-IMAGES-characteres": "src/IMAGES/characteres/",
    "PATH-IMAGES-player": "src/IMAGES/player/",
    "PATH-FONTS": "src/FONTS/",
    "PATH-AUDIOS": "src/AUDIOS/",
    "PATH-JSON": "src/JSON/"
  }
}
