{
  "NOMES": [
    {
      "nome": "Ana Silva",
      "genero": "f"
    },
    {
      "nome": "Bruno Oliveira",
      "genero": "m"
    },
    {
      "nome": "Carla Souza",
      "genero": "f"
    },
    {
      "nome": "Diego Costa",
      "genero": "m"
    },
    {
      "nome": "Eduardo Ferreira",
      "genero": "m"
    },
    {
      "nome": "Fernanda Lima",
      "genero": "f"
    },
    {
      "nome": "Gabriel Alves",
      "genero": "m"
    },
    {
      "nome": "Helena Martins",
      "genero": "f"
    },
    {
      "nome": "Igor Pereira",
      "genero": "m"
    },
    {
      "nome": "Juliana Rocha",
      "genero": "f"
    },
    {
      "nome": "Karla Mendes",
      "genero": "f"
    },
    {
      "nome": "Lucas Azevedo",
      "genero": "m"
    },
    {
      "nome": "Mariana Ribeiro",
      "genero": "f"
    },
    {
      "nome": "Nathalia Duarte",
      "genero": "f"
    },
    {
      "nome": "Otavio Nogueira",
      "genero": "m"
    },
    {
      "nome": "Paula Carvalho",
      "genero": "f"
    },
    {
      "nome": "Rafael Monteiro",
      "genero": "m"
    },
    {
      "nome": "Sara Teixeira",
      "genero": "f"
    },
    {
      "nome": "Thiago Goncalves",
      "genero": "m"
    },
    {
      "nome": "Vanessa Cardoso",
      "genero": "f"
    },
    {
      "nome": "Yasmin Farias",
      "genero": "f"
    },
    {
      "nome": "Zeca Lima",
      "genero": "m"
    },
    {
      "nome": "Alice Barros",
      "genero": "f"
    },
    {
      "nome": "Bernardo Vieira",
      "genero": "m"
    },
    {
      "nome": "Camila Gomes",
      "genero": "f"
    },
    {
      "nome": "Daniel Moreira",
      "genero": "m"
    },
    {
      "nome": "Eduarda Pinto",
      "genero": "f"
    },
    {
      "nome": "Felipe Machado",
      "genero": "m"
    },
    {
      "nome": "Giovana Santana",
      "genero": "f"
    },
    {
      "nome": "Henrique Xavier",
      "genero": "m"
    },
    {
      "nome": "Isabela Brito",
      "genero": "f"
    },
    {
      "nome": "Joao Almeida",
      "genero": "m"
    },
    {
      "nome": "Karen Ribeiro",
      "genero": "f"
    },
    {
      "nome": "Leandro Queiroz",
      "genero": "m"
    },
    {
      "nome": "Maria Borges",
      "genero": "f"
    },
    {
      "nome": "Nicolas Barreto",
      "genero": "m"
    },
    {
      "nome": "Otavia Ribeiro",
      "genero": "f"
    },
    {
      "nome": "Pedro Santos",
      "genero": "m"
    },
    {
      "nome": "Roberta Neves",
      "genero": "f"
    },
    {
      "nome": "Samuel Fernandes",
      "genero": "m"
    },
    {
      "nome": "Tatiane Correa",
      "genero": "f"
    },
    {
      "nome": "Victor Oliveira",
      "genero": "m"
    },
    {
      "nome": "Wesley Ribeiro",
      "genero": "m"
    },
    {
      "nome": "Xavier Mendes",
      "genero": "m"
    },
    {
      "nome": "Yuri Tavares",
      "genero": "m"
    },
    {
      "nome": "Zuleica Rodrigues",
      "genero": "f"
    },
    {
      "nome": "Amanda Araujo",
      "genero": "f"
    },
    {
      "nome": "Barbara Cunha",
      "genero": "f"
    },
    {
      "nome": "Carlos Figueiredo",
      "genero": "m"
    },
    {
      "nome": "Debora Silveira",
      "genero": "f"
    },
    {
      "nome": "Elias Batista",
      "genero": "m"
    },
    {
      "nome": "Fatima Mello",
      "genero": "f"
    },
    {
      "nome": "Gustavo Andrade",
      "genero": "m"
    },
    {
      "nome": "Hugo Matos",
      "genero": "m"
    },
    {
      "nome": "Ingrid Sales",
      "genero": "f"
    },
    {
      "nome": "Jose Pacheco",
      "genero": "m"
    },
    {
      "nome": "Luciana Lima",
      "genero": "f"
    },
    {
      "nome": "Marcelo Costa",
      "genero": "m"
    },
    {
      "nome": "Natalia Mendes",
      "genero": "f"
    },
    {
      "nome": "Olivia Araujo",
      "genero": "f"
    },
    {
      "nome": "Paulo Antunes",
      "genero": "m"
    },
    {
      "nome": "Renato Soares",
      "genero": "m"
    },
    {
      "nome": "Sofia Alves",
      "genero": "f"
    },
    {
      "nome": "Tulio Camargo",
      "genero": "m"
    },
    {
      "nome": "Veronica Moura",
      "genero": "f"
    },
    {
      "nome": "William Lopes",
      "genero": "m"
    },
    {
      "nome": "Ximena Nogueira",
      "genero": "f"
    },
    {
      "nome": "Yara Freitas",
      "genero": "f"
    },
    {
      "nome": "Zelia Martins",
      "genero": "f"
    }
  ],
  "DESCRICOES": [
    {
      "genero": "feminino",
      "ocupacao": "designer grafico",
      "personalidade": "criativa e extrovertida"
    },
    {
      "genero": "masculino",
      "ocupacao": "engenheiro de software",
      "personalidade": "analitico e reservado"
    },
    {
      "genero": "feminino",
      "ocupacao": "estudante de medicina",
      "personalidade": "determinado e compassivo"
    },
    {
      "genero": "masculino",
      "ocupacao": "professor universitario",
      "personalidade": "sabido e paciente"
    },
    {
      "genero": "feminino",
      "ocupacao": "jornalista",
      "personalidade": "curiosa e ousada"
    },
    {
      "genero": "masculino",
      "ocupacao": "medico",
      "personalidade": "gentil e dedicado"
    },
    {
      "genero": "feminino",
      "ocupacao": "fotografa",
      "personalidade": "artistica e espontanea"
    },
    {
      "genero": "masculino",
      "ocupacao": "executivo",
      "personalidade": "decidido e carismatico"
    },
    {
      "genero": "feminino",
      "ocupacao": "programadora",
      "personalidade": "inteligente e determinada"
    },
    {
      "genero": "masculino",
      "ocupacao": "arquitetos",
      "personalidade": "visionario e criativo"
    },
    {
      "genero": "feminino",
      "ocupacao": "nutricionista",
      "personalidade": "empatica e pratica"
    },
    {
      "genero": "masculino",
      "ocupacao": "advogado",
      "personalidade": "persuasivo e analitico"
    },
    {
      "genero": "feminino",
      "ocupacao": "cientista",
      "personalidade": "curiosa e metodica"
    },
    {
      "genero": "masculino",
      "ocupacao": "chef de cozinha",
      "personalidade": "apaixonado e detalhista"
    },
    {
      "genero": "feminino",
      "ocupacao": "bailarina",
      "personalidade": "graciosa e dedicada"
    },
    {
      "genero": "masculino",
      "ocupacao": "gestor de projetos",
      "personalidade": "organizado e eficiente"
    },
    {
      "genero": "feminino",
      "ocupacao": "estudante de arte",
      "personalidade": "sonhadora e livre-espirituosa"
    },
    {
      "genero": "masculino",
      "ocupacao": "psicologo",
      "personalidade": "atencioso e analitico"
    },
    {
      "genero": "feminino",
      "ocupacao": "atriz",
      "personalidade": "expressiva e carismatica"
    },
    {
      "genero": "masculino",
      "ocupacao": "contador",
      "personalidade": "metodico e detalhista"
    }
  ]
}