{
  "CASO": {
    "PREMISSA_VAR": {
      "ALPHABET": [
        "a", "b", "c", "d", "e", "f", "g",
        "h", "i", "j", "k", "l", "m", "n",
        "o", "p", "q", "r", "s", "t", "u",
        "v", "w", "x", "y", "z", "A", "B",
        "C", "D", "E", "F", "G", "H", "I",
        "J", "K", "L", "M", "N", "O", "P",
        "Q", "R", "S", "T", "U", "V", "W",
        "X", "Y", "Z"
      ],
      "NUMBER": [
        "0", "1", "2", "3", "4",
        "5", "6", "7", "8", "9", "10"
      ],
      "OPERATORS": ["IF", "ELSEIF", "NOT", "AND", "OR"]
    },
    "CAUSA_DA_MORTE": ["Envenenado", "Esfaqueado"],
    "LUGAR_DA_MORTE": ["cozinha", "sala de estar", "biblioteca", "galeria"],
    "NPC_TYPES": ["Assasino", "Suspeito", "Vitima"],
    "CASO_ENVENENADO": {
      "CAUSA_DA_MORTE": "0 morreu envenenado(a) na $",
      "EVIDENCIAS": {
        "EVIDENCIAS_VERDADES": [
          {
            "DIALOG": ["2", "Eu estava na $ por um tempo, lavando a louca. Vi o 0 e o 1 por la juntos, mas nao me pareceu nada suspeito no momento. Depois sai para cuidar de algumas coisas. Quando sai, lembro que vi o 4 entrando na $ com uma garrafa de vinho."],
            "FRASE": "Se 2 viu 1 e 0 na $ entao 1 matou 0",
            "PREMISSA": "0 IF 1"
          },
          {
            "DIALOG": ["4", "Eu estava conversando com o 0 e o 1 mais cedo, mas logo depois fui resolver algumas coisas. Depois disso, vi o 3 andando pelos corredores, parecia bem nervoso. O 1 saiu logo depois de mim, ele estava tranquilo, nao acho que faria algo tao grave. Agora, o 3... ele estava sumido por um tempo, e, sinceramente, sempre tive a impressao de que ele poderia estar envolvido em algo estranho. Nao ficaria surpreso se ele tivesse causado todo esse problema."],
            "FRASE": "Se 4 convidou 0 e 1 na $ entao 4 e o possivel cumpliice",
            "PREMISSA": "2 IF 3"
          },
          {
            "DIALOG": ["3", "Eu lembro de estar na sala conversando com o 5 naquela hora. Estavamos tao imersos na conversa que nem percebi o tempo passando. Sei que fiquei la com o 5 por um bom tempo, e nao me lembro de ter saido da sala enquanto conversavamos."],
            "FRASE": "Se 3 estava conversando com 5 na sala ao lado entao 3 e 5 sao inocentes",
            "PREMISSA": "4 IF 5"
          },
          {
            "DIALOG": ["5", "Eu estava na sala conversando com o 3 durante todo aquele tempo. Estavamos distraidos com a conversa e, para ser honesto, nao notei muita coisa acontecendo ao redor. Sei que o 3 tambem permaneceu la comigo, e nao lembro de termos saido da sala."],
            "FRASE": "3 e 5 estavam na sala ao lado",
            "PREMISSA": "6 AND 7"
          },
          {
            "DIALOG": ["3", "No momento em que tudo aconteceu, eu estava conversando com o 5 na sala. Nos dois estavamos la o tempo todo. Eu vi o 2 passar pela $, mas nao prestei atencao, pois estava distraido com a conversa."],
            "FRASE": "Se 3 viu 2 indo na $ entao 2 viu 1 e 0",
            "PREMISSA": "8 IF 0"
          },
          {
            "DIALOG": ["2", "Naquela hora, eu estava perto da $, arrumando umas coisas, nao estava fazendo nada demais. Acho que vi o suspeito 3 em algum momento, mas nao lembro exatamente o que ele estava fazendo. Ah, e antes que perguntem, tanto eu quanto o 3 temos o costume de carregar um canivete, mas e so habito, sabe? Algo comum, que a gente usa no dia a dia, pra coisas simples, nada que tenha a ver com essa situacao."],
            "FRASE": "2 e 3 sempre andam com canivete",
            "PREMISSA": "9 AND 10"
          }
        ],
        "EVIDENCIAS_CONFLITANTES": [
          {
            "DIALOG": ["5", "Olha, so sei que o 0 adorava um bom vinho... Ele sempre nos reunia com uma taca na mao, como se estivesse celebrando alguma coisa. Quanto ao 2, todo mundo sabe que ele surta so de ver uma aranha por perto."],
            "FRASE": "0 amava vinho e 2 tem medo de aranhas",
            "PREMISSA": null
          },
          {
            "DIALOG": ["1", "Olha, as pessoas sempre especulam, mas e verdade, eu nunca fui chegado em tenis... Nao vejo graça. Agora, o 4, por outro lado, e a mesma coisa com volei, ele sempre desconversa quando o assunto vem a tona. Acho que todo mundo tem suas preferencias."],
            "FRASE": "Se 1 nao gosta de tenis entao 4 nao gosta de volei",
            "PREMISSA": null
          },
          {
            "DIALOG": ["2", "Eu sei que parece bobagem, mas e verdade, eu fico nervoso so de pensar em aranhas. E morcegos? Nem me fale! Se me deparo com qualquer um deles, nao tem quem me segure. Mas tambem, quem nao tem seus receios, nao e? Ate o 0 tinha seus proprios gostos e desgostos."],
            "FRASE": "2 tem medo de aranhas ou 2 tem medo de morcego",
            "PREMISSA": null
          },
          {
            "DIALOG": ["5", "Ah, o 3 sempre gostou mais de cachorros... Vive dizendo que eles sao leais, protetores. Eu, por outro lado, prefiro os gatos, mais independentes, sabe? Mas, honestamente, nao acho que nossos gostos tenham algo a ver com o que aconteceu com o 0. So que, as vezes, as preferencias das pessoas dizem mais sobre elas do que imaginamos, nao acha?"],
            "FRASE": "3 gosta de cachorros e 5 gosta de gatos",
            "PREMISSA": null
          },
          {
            "DIALOG": ["2", "O 4 nunca foi de se misturar quando o assunto e volei; ele sempre preferiu algo mais… discreto, ele curte mais tenis. Cada um de nos tem preferencias diferentes, e acho curioso como elas dizem tanto sobre quem somos, nao acha?"],
            "FRASE": "4 nao gosta de volei logo 4 gosta de tenis",
            "PREMISSA": null
          },
          {
            "DIALOG": ["3", "Olha, eu sempre fui fa de cachorros; eles tem essa energia contagiante. Ja o 5 e mais do tipo que se encanta por gatos, sabe? Eu respeito as escolhas dele, mas e interessante como essas preferencias podem dividir as pessoas. Cada um com seu proprio jeito de viver, isso e o que faz a gente ser quem somos, nao e mesmo?"],
            "FRASE": "5 gosta de gatos e 3 gosta de cachorros",
            "PREMISSA": null
          }
        ],
        "EVIDENCIAS_FALSAS": [
          {
            "DIALOG": ["1", "Eu realmente nao sei o que aconteceu, mas e curioso que o 3 nao estivesse na sala quando tudo isso ocorreu. Ele sempre gostou de ficar por perto, entao a ausencia dele naquele momento me faz questionar algumas coisas."],
            "FRASE": "Se 3 nao estava na sala entao 3 matou 0",
            "PREMISSA": "~1 IF 2"
          },
          {
            "DIALOG": ["1", "Eu estava na sala, mas a verdade e que o 3 nao estava por la naquele momento. Eu lembro de ter visto ele sair antes de tudo acontecer, e nao sei onde ele foi parar. Eu estava apenas tentando relaxar na sala."],
            "FRASE": "Se 3 nao estava na sala entao 3 esfaqueou 0",
            "PREMISSA": "~3 IF 4"
          },
          {
            "DIALOG": ["4", "Olha, nao quero me meter, mas sempre achei que o 3 e o 0 nçao se davam bem. Eles tinham suas desavenças, e nao seria surpresa se algo tivesse acontecido entre eles. Eu estava ali, mas nao vi o que realmente aconteceu, so percebi que a tensao estava no ar."],
            "FRASE": "Se 3 nao gosta de 0 entao 3 matou 0",
            "PREMISSA": "5 IF 2"
          },
          {
            "DIALOG": ["1", "Eu gostava muito do 0, ele era um bom amigo. Nunca faria nada para prejudicar ele, de jeito nenhum. Sempre tivemos uma boa relacao e eu realmente nao entendo por que alguem faria esse tipo de coisa com ele."],
            "FRASE": "Se 1 gostava de 0 entao 1 nao matou 0",
            "PREMISSA": "10 IF ~1"
          },
          {
            "DIALOG": ["4", "Olha, so para esclarecer, eu sempre achei estranho que o 3 anda com aquele canivete o tempo todo. Ele realmente parecia determinado ao ir para a $ naquela hora. Nao sei exatamente o que ele estava pensando, mas e curioso como ele estava por ali logo antes do que aconteceu."],
            "FRASE": "Se 4 viu 3 indo na $ com canivete entao 3 esfaqueou 0",
            "PREMISSA": "6 IF 0"
          },
          {
            "DIALOG": ["4", "Nao quero acusar ninguem sem provas, mas eu vi o suspeito 2 perto da $ naquela hora. Nao sei o que aconteceu depois, mas a presenca dele ali me fez levantar algumas perguntas."],
            "FRASE": "Se 4 viu o 2 indo para a $ entao 2 matou o 0",
            "PREMISSA": "7 IF 2"
          }
        ]
      }
    },
    "CASO_ESFAQUEADO": {
      "CAUSA_DA_MORTE": "4 morreu esfaqueado(a) em seu $",
      "EVIDENCIAS": {
        "EVIDENCIAS_VERDADES": [
          {
            "DIALOG": ["2","Eu estava na sala, meio distraído com o video game, mas notei quem entrou e saiu da sala. E agora que penso bem... o 3 não apareceu por lá enquanto eu estava. Pode ter sido apenas uma coincidencia, claro. Isso foi um pouco antes do 0 chegar para jogar comigo."],
            "FRASE": "2 não viu o 3 na sala logo 3 matou 4",
            "PREMISSA": "~1 IF 2"
          },
          {
            "DIALOG": ["1","Olha, eu vi o 5 indo em direção ao $ antes de tudo acontecer. Sei lá, talvez ele só tenha passado por lá por acaso. Mas, enfim, vai ver ele só estava no lugar errado, na hora errada."],
            "FRASE": "Se 5 foi ao $ minutos antes no esfaqueamento então 5 é um possível cumplice",
            "PREMISSA": "3 IF 4"
          },
          {
            "DIALOG": ["0","Eu saí do $ para jogar um pouco de videogame com o 2 na sala, então acho que cruzei com quase todo mundo. Sabe como é, em um momento ou outro, vi o 3 e o 4 por ali também... parecia tudo normal, pelo menos naquela hora."],
            "FRASE": "Se 0 saiu do $ para jogar video game com o 2 na sala então 0 viu 3 e 4",
            "PREMISSA": "5 IF 6"
          },
          {
            "DIALOG": ["2","Sabe, ouvi rumores de que o 3 tinha uma divida com o 4, uma boa quantia de dinheiro ele devia. Mas, claro, isso é só o que se comenta, não que eu esteja dizendo que ele tenha algo a ver com o 4."],
            "FRASE": "Se 3 devia dinheiro para o 4 então 3 matou 4",
            "PREMISSA": "7 IF 2"
          },
          {
            "DIALOG": ["5","Eu só queria lembrar que o 0 e o 1 são sócios de uma loja de facas muito renomada na cidade. Sempre achei curioso como eles têm acesso a essas coisas, mas isso não significa nada, certo?"],
            "FRASE": "0 e 1 são sócios de uma loja de facas renomada na cidade",
            "PREMISSA": "8 AND 9"
          },
          {
            "DIALOG": ["1","Estávamos eu e o 0 conversando sobre as finanças da nossa loja de facas, antes de ele ir jogar video game com o 2. Mas, sinceramente, estávamos apenas discutindo números e nada mais."],
            "FRASE": "Se 1 e 0 estavam conversando sobre os assuntos financeiros de sua loja de facas logo 1 e 0 são inocentes",
            "PREMISSA": "0 IF 10"
          }
        ],
        "EVIDENCIAS_CONFLITANTES": [
          {
            "DIALOG": ["0", "Olha, eu sou realmente viciado em videogame. Passo horas jogando e às vezes acabo perdendo a noção do tempo."],
            "FRASE": "0 é viciado em video game",
            "PREMISSA": null
          },
          {
            "DIALOG": ["1", "Olha, eu realmente odeio ratos. Eles me dão arrepios só de pensar. E o 4, por outro lado, sempre teve um pavor enorme de baratas."],
            "FRASE": "1 odeia ratos e 4 tem pavor de baratas",
            "PREMISSA": null
          },
          {
            "DIALOG": ["2", "Acho que é bom mencionar que eu sou formado em administração. Isso me ajudou a entender como algumas coisas funcionam, tanto nos negócios quanto na vida."],
            "FRASE": "2 é formado em administração",
            "PREMISSA": null
          },
          {
            "DIALOG": ["3", "Todo dia de manhã, faço questão de ler o jornal. É uma maneira de me manter informado sobre o que está acontecendo na cidade e no mundo."],
            "FRASE": "3 lê jornal todas as manhãs",
            "PREMISSA": null
          },
          {
            "DIALOG": ["5", "É curioso notar que o 0 e o 2 sempre andam com uma arma de choque no bolso da blusa. Não sei se é por segurança ou só um hábito deles, mas isso sempre me chamou a atenção."],
            "FRASE": "0 e 2 sempre andam com uma arma de choque no bolso da blusa",
            "PREMISSA": null
          },
          {
            "DIALOG": ["0", "Eu sempre achei interessante que o 5 tem vários animais de estimação, como coelhos, papagaios e até mesmo uma cobra. É um gosto peculiar, mas quem sou eu para julgar?"],
            "FRASE": "5 tem vários animais de estimação incluindo coelhos, papagaios e até mesmo uma cobra",
            "PREMISSA": null
          }
        ],
        "EVIDENCIAS_FALSAS": [
          {
            "DIALOG": ["3", "Olha, ouvi por aí que o 0 anda sempre com uma arma de choque. É interessante pensar que, se alguém tem uma coisa dessas, poderia fazer algo inesperado, não?"],
            "FRASE": "Se 0 anda com uma arma de choque então 0 matou 4 eletrocutado",
            "PREMISSA": "0 IF 2"
          },
          {
            "DIALOG": ["5", "Olha, eu não posso afirmar com certeza, mas parece que o 0 estava no $ momentos antes do assassinato do 4. Se ele estava lá, bem... pode ser que ele tenha tido a oportunidade de fazer algo."],
            "FRASE": "Se 0 estava no $ momentos antes do assassinato então 0 matou o 4",
            "PREMISSA": "3 IF 4"
          },
          {
            "DIALOG": ["3", "É curioso pensar que, se o 4 não gostasse do 1, isso poderia ter gerado uma situação tensa entre eles. Quem sabe o que pode ter acontecido em um momento de raiva?"],
            "FRASE": "Se 4 não gostava do 1 então 1 matou o 4",
            "PREMISSA": "5 IF 6"
          },
          {
            "DIALOG": ["5", "Olha, eu só estou dizendo que, se o 2 anda por aí com uma arma de choque, é um pouco suspeito, não acha? Pode ser que, em um momento de descontrole, ele tenha usado isso contra o 4."],
            "FRASE": "Se 2 anda com uma arma de choque então 2 matou 4 eletrocutado",
            "PREMISSA": "7 IF 2"
          },
          {
            "DIALOG": ["3", "Eu não posso deixar de notar que, se o 0 tem uma loja de facas, isso pode levantar algumas questões. Fica a pergunta: quem mais teria acesso a uma faca na hora do crime?"],
            "FRASE": "Se 0 tem uma loja de facas então 0 matou o 4",
            "PREMISSA": "8 IF 6"
          },
          {
            "DIALOG": ["5", "É interessante pensar que, se o 1 realmente gosta de estudar química, isso poderia dar a ele algumas idéias sobre como envenenar alguém. Mas, olha, isso é apenas uma hipótese."],
            "FRASE": "Se 1 gosta de estudar quimica então 1 envenenou 4",
            "PREMISSA": "1 IF 9"
          }
        ]
      }

    }
  }
}
